source,target,type
Desire_3.042898279713684e+18_Shop,Internsion_1.2433591485800462e+19,go_to
Desire_1.586876555727136e+19_School,Internsion_6.685906956690902e+18,go_to
Desire_1.1576579517790798e+19_School,Internsion_1.3046133073296374e+17,go_to
Desire_8.406536686754593e+18_Shop,Internsion_6.528561425279394e+18,go_to
Desire_1.1156174530945843e+19_Recreation,Internsion_1.6944463844123073e+19,go_to
Desire_3.788140392910308e+18_Eat,Internsion_6.626936932149313e+17,go_to
Desire_9.57884249095133e+17_Eat,Internsion_1.5964844478633603e+19,go_to
Desire_1.6399479785059631e+19_Eat,Internsion_8.730201355907265e+18,go_to
Desire_1.9332840807747663e+18_Eat,Internsion_4.501044786361879e+18,go_to
Desire_3.5367466730231634e+18_Eat,Internsion_1.509956007895325e+19,go_to
Desire_1.1264717060570833e+19_Shop,Internsion_3.385451074921647e+18,go_to
Desire_1.0764315543703308e+19_Recreation,Internsion_1.5460260694746755e+19,go_to
Desire_9.51623562795022e+18_Shop,Internsion_3.4498832208695465e+18,go_to
Desire_1.613628521833393e+18_Errands,Internsion_9.941169804696392e+18,go_to
Desire_2.448535250358194e+17_Recreation,Internsion_1.9987912302522552e+18,go_to
Desire_1.5013334280448176e+19_Shop,Internsion_8.924662500575321e+18,go_to
Desire_1.5097421240128915e+19_Errands,Internsion_1.6976381372911313e+19,go_to
Desire_1.6758875072511873e+19_Eat,Internsion_1.4348653689866527e+18,go_to
Desire_1.3015029163221018e+18_Shop,Internsion_1.1837010175183751e+19,go_to
Desire_5.135436199063312e+18_Recreation,Internsion_1.7219836787972344e+19,go_to
Desire_1.6696286622168232e+19_Shop,Internsion_1.1217713209666951e+19,go_to
Desire_8.087995398757763e+17_Recreation,Internsion_1.0646128325754372e+19,go_to
Desire_1.2019450705076388e+19_Shop,Internsion_5.253960784223099e+18,go_to
Desire_5.753821105578652e+18_Errands,Internsion_3.897541056101154e+18,go_to
Desire_6.976086373915017e+18_Eat,Internsion_1.092016857481964e+19,go_to
Desire_1.0152857555130687e+19_Shop,Internsion_5.292919268568623e+18,go_to
Desire_1.2244273262536088e+19_Eat,Internsion_1.434818361679705e+19,go_to
Desire_9.550515739709802e+18_Recreation,Internsion_2.220641479267236e+18,go_to
Desire_2.3419822548414064e+16_Eat,Internsion_1.6288949837444995e+19,go_to
Desire_1.2120890043478491e+19_Eat,Internsion_7.657553002533598e+18,go_to
Desire_1.5824490855283251e+19_Recreation,Internsion_1.562593126627967e+19,go_to
Desire_7.646931215736285e+18_Eat,Internsion_7.640505088248139e+18,go_to
Desire_7.409833674404891e+17_Shop,Internsion_2.9453091714690606e+18,go_to
Desire_3.143424673927809e+17_Eat,Internsion_1.212725998173905e+19,go_to
Desire_5.346498065269284e+18_Shop,Internsion_3.7087652428924406e+18,go_to
Desire_1.3440014668275544e+19_Errands,Internsion_1.2359043902843455e+19,go_to
Desire_1.6727979377688314e+19_Eat,Internsion_1.2013075436229683e+19,go_to
Desire_5.759416724449921e+18_School,Internsion_9.04812554254657e+18,go_to
Desire_1.3305947277325978e+19_Shop,Internsion_1.0736406191604972e+19,go_to
Desire_1.6618118215645612e+19_Shop,Internsion_5.452862910159382e+18,go_to
Desire_2.9109937447638e+18_Eat,Internsion_1.8168239041853768e+19,go_to
Desire_7.382229231725216e+18_Shop,Internsion_9.785690588461031e+18,go_to
Desire_2.703480938157533e+18_Errands,Internsion_9.07426428673846e+18,go_to
Desire_2.8547987841141105e+18_Recreation,Internsion_1.6083599700313682e+19,go_to
Desire_1.733622189327774e+19_Shop,Internsion_2.207308886573e+17,go_to
Desire_1.2755562908315562e+19_Errands,Internsion_1.751029024191766e+19,go_to
Desire_1.0048722183318026e+19_Shop,Internsion_5.649993959980375e+18,go_to
Desire_1.838787093401515e+19_Recreation,Internsion_1.1065446153138616e+19,go_to
Desire_1.1389131347311313e+19_Recreation,Internsion_1.1329123700792738e+19,go_to
Desire_7.937415820294495e+18_Eat,Internsion_3.3505307471595407e+18,go_to
Desire_4.3122660171462415e+18_Eat,Internsion_1.3361424948526629e+19,go_to
Desire_4.14447735413175e+18_Eat,Internsion_4.301946414785583e+18,go_to
Desire_6.53540663521365e+18_Other,Internsion_1.357727478676834e+19,go_to
Desire_5.4417170967428864e+17_Recreation,Internsion_1.6308914803979629e+19,go_to
Desire_1.169383651805675e+19_Errands,Internsion_9.697241720270815e+18,go_to
Desire_9.86855430277569e+18_Eat,Internsion_4.0117380652119496e+18,go_to
Desire_1.213683572580063e+19_Shop,Internsion_8.756253797181698e+18,go_to
Desire_1.1034514087390897e+18_Recreation,Internsion_1.6435556328669385e+19,go_to
Desire_7.474270263983382e+17_Eat,Internsion_9.878369933699752e+18,go_to
Desire_6.734018293969027e+18_Shop,Internsion_1.591936822908443e+19,go_to
Desire_8.717109161891187e+17_Recreation,Internsion_1.021175210321558e+19,go_to
Desire_1.6416438325324843e+19_Eat,Internsion_1.8016684094524232e+19,go_to
Desire_6.780364553927163e+18_Shop,Internsion_4.900191839762423e+18,go_to
Desire_6.630649682305337e+18_Shop,Internsion_3.01290842025904e+18,go_to
Desire_1.0967230750168068e+19_School,Internsion_6.604178813775177e+18,go_to
Desire_1.3970223714876336e+19_Shop,Internsion_1.397324154530433e+19,go_to
Desire_3.0285738036378813e+18_Shop,Internsion_1.0543459681425146e+19,go_to
Desire_2.3544424844647987e+18_Errands,Internsion_1.705877735457782e+19,go_to
Desire_1.1464648913238438e+18_Eat,Internsion_1.813096091505002e+19,go_to
Desire_1.334914825820808e+19_Recreation,Internsion_1.2077342795626449e+19,go_to
Desire_6.398164561225462e+18_Errands,Internsion_8.721004590754957e+18,go_to
Desire_1.6187987903256668e+19_Recreation,Internsion_1.7532939709839682e+19,go_to
Desire_2.115326384001876e+18_Recreation,Internsion_4.556390252145253e+18,go_to
Desire_1.4677273323967152e+19_Eat,Internsion_3.222843533668601e+18,go_to
Desire_6.663277048475791e+18_Shop,Internsion_1.6838708225568934e+19,go_to
Desire_1.4478627621185362e+19_Eat,Internsion_1.518924407281536e+19,go_to
Desire_1.3317118788676487e+19_Shop,Internsion_6.999495815264151e+18,go_to
Desire_1.3886716428090198e+19_Eat,Internsion_6.148137850042346e+18,go_to
Desire_2.510617954378842e+18_Shop,Internsion_1.3816523261542214e+19,go_to
Desire_1.5454179178424496e+19_Eat,Internsion_1.6755397700834248e+18,go_to
Desire_4.2747387929120256e+17_Errands,Internsion_1.140195199068406e+19,go_to
Desire_1.4740232497404672e+19_Eat,Internsion_6.177334856269138e+18,go_to
Desire_1.4403995405459108e+19_Recreation,Internsion_1.1006174730948418e+19,go_to
Desire_1.208845667961916e+19_Shop,Internsion_1.908755307427129e+18,go_to
Desire_5.41129307265518e+18_Shop,Internsion_7.243732443823458e+16,go_to
Desire_1.0133671356635896e+19_Eat,Internsion_4.4747342782804e+17,go_to
Desire_1.69293525929615e+19_Shop,Internsion_6.733576996407682e+18,go_to
Desire_2.4606057464208845e+18_Recreation,Internsion_1.2427721822375424e+18,go_to
Desire_1.609831736707981e+19_Eat,Internsion_1.4228546240017334e+19,go_to
Desire_1.0290275950066264e+19_Eat,Internsion_7.510801028452733e+18,go_to
Desire_4.607273830706455e+18_Shop,Internsion_7.962333607749409e+17,go_to
Desire_3.2841931220536776e+18_Shop,Internsion_7.972872445385886e+18,go_to
Desire_9.653345123266253e+18_Recreation,Internsion_1.5837047641459198e+19,go_to
Desire_6.634131282441313e+17_Shop,Internsion_1.1992845041782931e+19,go_to
Desire_1.5479920568582528e+18_Recreation,Internsion_1.120744509837092e+19,go_to
Desire_1.2899604065349563e+18_Shop,Internsion_7.098839862307065e+18,go_to
Desire_3.924244637765218e+18_Eat,Internsion_1.400630513072693e+19,go_to
Desire_7.020075904508951e+18_Recreation,Internsion_2.7817918535237875e+17,go_to
Desire_1.413796906731422e+19_Errands,Internsion_1.679488392162655e+19,go_to
Desire_1.0553683590340026e+19_Errands,Internsion_1.1267896290231077e+19,go_to
Desire_1.4745117651548807e+19_Eat,Internsion_4.5568638096431457e+18,go_to
Desire_1.6081067727313678e+19_Recreation,Internsion_1.1581857322166874e+19,go_to
Desire_1.5970483692108474e+19_Shop,Internsion_1.2480397027172311e+19,go_to
Desire_7.987313088284036e+18_Eat,Internsion_1.7115422279922227e+19,go_to
Desire_3.145828470374291e+18_Shop,Internsion_4.479727379571005e+18,go_to
Desire_1.1589135015832828e+19_Shop,Internsion_1.7014728993600643e+19,go_to
Desire_8.245917085904045e+18_Shop,Internsion_6.948640713517409e+18,go_to
Desire_2.526453435318128e+18_Errands,Internsion_4.21056635490862e+18,go_to
Desire_2.761999862810969e+18_Eat,Internsion_2.277377299918518e+18,go_to
Desire_2.4823091468636483e+18_Shop,Internsion_8.820120316774263e+18,go_to
Desire_1.6167971072488088e+19_Errands,Internsion_9.851385225055248e+18,go_to
Desire_1.0742300057858611e+19_School,Internsion_1.6346531363115995e+19,go_to
Desire_6.028048422074018e+18_Shop,Internsion_1.235073641191343e+18,go_to
Desire_1.3638007437656762e+19_Eat,Internsion_8.861934515269912e+18,go_to
Desire_6.089876816686373e+18_Eat,Internsion_5.322260808344751e+18,go_to
Desire_5.72696111255003e+18_Eat,Internsion_4.2834195754684206e+18,go_to
Desire_2.6239099567055155e+18_Errands,Internsion_1.2209716785843642e+19,go_to
Desire_1.2675860501333885e+19_Recreation,Internsion_1.6248688834575458e+19,go_to
Desire_2.641154609341569e+18_Shop,Internsion_1.4206871507651123e+19,go_to
Desire_1.1053492097583968e+19_School,Internsion_2.922651084142765e+18,go_to
Desire_8.152831461701068e+18_Shop,Internsion_7.11945022278136e+18,go_to
Desire_1.5290866003409764e+19_Shop,Internsion_1.4804137354006231e+19,go_to
Desire_6.067705709269845e+18_Errands,Internsion_1.724008839591813e+19,go_to
Desire_9.853805892330131e+18_Eat,Internsion_7.320923332513549e+18,go_to
Desire_5.466848732032353e+18_Recreation,Internsion_1.0867650538890303e+19,go_to
Desire_5.144039827634586e+18_Eat,Internsion_1.5755902718620787e+18,go_to
Desire_9.127307500399734e+18_Shop,Internsion_1.3495328101724043e+19,go_to
Desire_7.492082621696762e+18_Other,Internsion_1.5741496238836562e+19,go_to
Desire_1.4213593359902308e+19_Other,Internsion_3.6134216352700754e+18,go_to
Desire_1.1382766689615403e+19_Eat,Internsion_6.164033725480665e+18,go_to
Desire_9.269974523336714e+18_Shop,Internsion_5.874039379717863e+18,go_to
Desire_1.2935987586602449e+19_Eat,Internsion_1.700855242612415e+19,go_to
Desire_6.591370053444356e+18_Shop,Internsion_6.309036876052037e+18,go_to
Desire_1.5679480203241796e+19_Shop,Internsion_1.641271426672575e+19,go_to
Desire_1.250638459476621e+19_Eat,Internsion_1.314676654302143e+19,go_to
Desire_5.749553361659547e+18_Shop,Internsion_7.697099276497773e+18,go_to
Desire_1.255081492635327e+19_Eat,Internsion_7.434057376399107e+18,go_to
Desire_1.776041642877362e+19_Errands,Internsion_4.530577048606208e+18,go_to
Desire_3.6879203884944886e+18_Eat,Internsion_2.822847187563892e+18,go_to
Desire_1.0042779863523529e+19_Eat,Internsion_1.154099531275889e+19,go_to
Desire_2.320230294610451e+18_Shop,Internsion_5.961721745802298e+18,go_to
Desire_1.4523926379001434e+18_Errands,Internsion_1.0009895484023988e+19,go_to
Desire_3.1260396308750643e+18_Shop,Internsion_8.001752929180944e+18,go_to
Desire_1.5663972210261582e+19_Errands,Internsion_1.404878243999786e+19,go_to
Desire_1.3130927318655089e+19_School,Internsion_7.107391397094828e+18,go_to
Desire_1.5621741157525166e+19_Shop,Internsion_3.61712821422202e+18,go_to
Desire_7.002558450787813e+18_Shop,Internsion_2.736852239268202e+18,go_to
Desire_4.552508868169424e+18_Eat,Internsion_6.267235986184992e+18,go_to
Desire_1.56195999208817e+18_Eat,Internsion_1.3742075804375566e+19,go_to
Desire_8.440089706747276e+17_Shop,Internsion_3.588109723085295e+18,go_to
Desire_5.395304986359441e+18_Errands,Internsion_9.174057494346778e+18,go_to
Desire_9.910068100218776e+18_Eat,Internsion_6.38105440493883e+18,go_to
Desire_1.0670756489458664e+18_Eat,Internsion_1.285736518267346e+19,go_to
Desire_7.564782249592764e+17_Errands,Internsion_3.93430916413927e+18,go_to
Desire_2.7383680936404244e+18_Eat,Internsion_7.22817198219147e+18,go_to
Desire_3.296436594150445e+17_Recreation,Internsion_1.381299696470634e+19,go_to
Desire_1.5406046936723917e+19_Recreation,Internsion_9.70724442909306e+18,go_to
Desire_1.0980550371115908e+18_Shop,Internsion_1.5125379708127203e+19,go_to
Desire_1.3654990370068865e+19_Shop,Internsion_1.5099967020628371e+19,go_to
Desire_1.1258779183672846e+19_Recreation,Internsion_8.040055693186896e+18,go_to
Desire_4.759858339645782e+18_Eat,Internsion_3.87959892300982e+18,go_to
Desire_1.115106951799119e+19_Shop,Internsion_1.1130052118062346e+19,go_to
Desire_5.09850635689209e+17_Errands,Internsion_2.9509038803975404e+18,go_to
Desire_1.407546735117838e+19_Eat,Internsion_1.6034113883521087e+19,go_to
Desire_7.206571139506577e+18_Eat,Internsion_1.7500990149154191e+19,go_to
Desire_3.0242588970131256e+18_Shop,Internsion_1.1255335310188149e+19,go_to
Desire_5.233321194342665e+18_Eat,Internsion_6.251043146898338e+18,go_to
Desire_6.560869858584433e+18_Shop,Internsion_6.944488300924847e+18,go_to
Desire_6.762155440608415e+18_Shop,Internsion_1.815980416479484e+19,go_to
Desire_3.653712829653903e+18_Shop,Internsion_5.518728090885771e+18,go_to
Desire_1.5999021937170268e+19_Eat,Internsion_1.66803651040236e+19,go_to
Desire_1.1866901592344386e+19_Shop,Internsion_1.8375390003213271e+19,go_to
Desire_1.3363185920642173e+19_Shop,Internsion_1.15066683114078e+19,go_to
Desire_2.404445282701026e+18_Errands,Internsion_1.3822178038626722e+19,go_to
Desire_1.3485976855101893e+19_Eat,Internsion_5.770310509643437e+18,go_to
Desire_1.4515790359064062e+19_Eat,Internsion_4.230476604184405e+18,go_to
Desire_5.41013151545254e+18_Eat,Internsion_5.237816144443517e+18,go_to
Desire_5.845723563320323e+17_Errands,Internsion_1.0108279198706969e+19,go_to
Desire_1.0921156671525482e+19_Eat,Internsion_8.886340321120432e+18,go_to
Desire_1.30039224887858e+19_Eat,Internsion_1.195577418438326e+19,go_to
Desire_7.781808491801426e+18_Eat,Internsion_1.463342026830374e+19,go_to
Desire_9.855152622413636e+18_Errands,Internsion_7.848489120557068e+18,go_to
Desire_2.975366532520694e+18_Recreation,Internsion_3.4118622761380547e+18,go_to
Desire_1.012494709850756e+17_Other,Internsion_1.4829733497334323e+19,go_to
Desire_3.2743890445178307e+18_Eat,Internsion_1.73639247729829e+19,go_to
Desire_4.650437803877758e+18_Errands,Internsion_9.918190221231448e+18,go_to
Desire_2.6778136656303657e+18_Shop,Internsion_4.261023628604507e+18,go_to
Desire_1.0974055604146629e+19_Eat,Internsion_1.069035838012766e+19,go_to
Desire_5.158516427673431e+18_Eat,Internsion_1.5373448572853252e+19,go_to
Desire_1.3551435632772106e+19_Errands,Internsion_8.922458578978302e+18,go_to
Desire_1.105253604901669e+19_Eat,Internsion_1.7822838551363322e+19,go_to
Desire_1.8120661837833497e+19_Recreation,Internsion_9.103408838661096e+18,go_to
Desire_6.771769395675426e+18_Errands,Internsion_5.631011219571804e+18,go_to
Desire_7.669664760400075e+18_Eat,Internsion_8.834067887827802e+18,go_to
Desire_1.5787842096437197e+19_Eat,Internsion_9.439847357073822e+18,go_to
Desire_4.5287106197846646e+18_Eat,Internsion_1.456495046356254e+19,go_to
Desire_9.727996438542682e+18_Eat,Internsion_1.193137974513038e+19,go_to
Desire_3.572742756894145e+18_Errands,Internsion_1.77706784185045e+19,go_to
Desire_2.9006388142003994e+18_Eat,Internsion_1.7270968095074304e+19,go_to
Desire_1.7071755562873104e+19_Errands,Internsion_1.162217661313317e+19,go_to
Desire_2.858367056987011e+18_Shop,Internsion_1.0885778937719138e+19,go_to
Desire_1.486840526574811e+19_Eat,Internsion_1.096589902430268e+19,go_to
Desire_8.318221787982535e+18_Recreation,Internsion_4.304587873797878e+18,go_to
Desire_5.885596422118945e+18_Eat,Internsion_9.885163685781463e+18,go_to
Desire_1.61461003726572e+19_Eat,Internsion_2.364175123174836e+18,go_to
Desire_1.1295919025447256e+19_Shop,Internsion_1.2968306191347511e+19,go_to
Desire_8.410755839715186e+18_Shop,Internsion_1.5653065146111556e+19,go_to
Desire_1.524899473841741e+19_Shop,Internsion_1.1097101657460722e+19,go_to
Desire_1.3300598421975144e+19_Shop,Internsion_3.766145522852338e+18,go_to
Desire_2.801349855295783e+18_Eat,Internsion_9.111325491501792e+18,go_to
Desire_7.111596322557911e+18_Eat,Internsion_1.850693327537766e+18,go_to
Desire_2.978020483030418e+18_School,Internsion_9.97775695987205e+18,go_to
Desire_8.961598713339646e+18_Shop,Internsion_4.749380381000942e+18,go_to
Desire_1.3516471981907266e+19_Eat,Internsion_8.323098876403882e+18,go_to
Desire_1.4766628431902277e+18_Shop,Internsion_1.0521947304702183e+19,go_to
Desire_2.8288335881442723e+17_Errands,Internsion_1.3369543350491632e+19,go_to
Desire_2.328313746614015e+18_Eat,Internsion_2.8463333980112927e+18,go_to
Desire_8.576114055105629e+18_Errands,Internsion_1.6635571534139552e+19,go_to
Desire_8.920060703279704e+18_Eat,Internsion_1.0872618645323037e+19,go_to
Desire_4.4022541144325965e+17_Shop,Internsion_1.0179632848721215e+19,go_to
Desire_1.60817378634579e+18_Eat,Internsion_9.217747847914323e+16,go_to
Desire_1.761515239454696e+19_Eat,Internsion_3.863620540649116e+18,go_to
Desire_1.728373018650593e+18_Eat,Internsion_1.4948122651099863e+19,go_to
Desire_8.469840666440331e+18_Recreation,Internsion_1.7652879526753833e+19,go_to
Desire_2.783161335771998e+18_Eat,Internsion_8.754758759792276e+18,go_to
Desire_9.19771649663712e+18_Recreation,Internsion_3.829615221498184e+18,go_to
Desire_2.825517756453221e+18_Eat,Internsion_9.68216524103148e+18,go_to
Desire_1.2892728353283916e+19_Eat,Internsion_3.4932582160705485e+18,go_to
Desire_5.521012406663763e+18_Eat,Internsion_1.2356888586152446e+19,go_to
Desire_8.435687719770904e+18_Shop,Internsion_3.623401895005388e+18,go_to
Desire_1.3794151374348118e+19_Shop,Internsion_1.3092954294441286e+19,go_to
Desire_1.5302156277439834e+19_Errands,Internsion_1.3648981871755305e+19,go_to
Desire_1.4353815298157594e+18_Shop,Internsion_3.833122982508363e+18,go_to
Desire_1.7641833399874224e+19_Shop,Internsion_1.6377439945008409e+19,go_to
Desire_1.686988551330379e+19_Recreation,Internsion_4.334164823680982e+18,go_to
Desire_1.5345821358740976e+19_Eat,Internsion_1.059505531521666e+19,go_to
Desire_1.6524996103007896e+19_Errands,Internsion_1.2892939072645646e+19,go_to
Desire_1.721902108724227e+19_Eat,Internsion_1.425300466446639e+19,go_to
Desire_1.3246487824981234e+19_Eat,Internsion_1.4981953649398626e+19,go_to
Desire_1.733158023767403e+19_Eat,Internsion_5.811426976662029e+18,go_to
Desire_1.6564546542542072e+19_Eat,Internsion_1.0049116680814991e+19,go_to
Desire_1.2156345244006498e+19_Recreation,Internsion_2.629907120566872e+18,go_to
Desire_1.1867580147380906e+19_Shop,Internsion_1.2013665601939796e+19,go_to
Desire_1.7356393954669853e+19_Eat,Internsion_3.7927120932970296e+18,go_to
Desire_1.5837924531003066e+19_Recreation,Internsion_1.875507458583088e+18,go_to
Desire_1.444429185266725e+19_Recreation,Internsion_1.1479170935671562e+19,go_to
Desire_6.076699645053753e+18_Eat,Internsion_1.1648212255523804e+18,go_to
Desire_1.6437831181582635e+19_Other,Internsion_1.3146955043516035e+19,go_to
Desire_1.041207061518097e+19_Eat,Internsion_1.75052451786417e+19,go_to
Desire_5.7564891226093786e+17_Eat,Internsion_1.3722670629660223e+19,go_to
Desire_3.12343037821503e+18_Errands,Internsion_7.210811839406037e+18,go_to
Desire_1.5162459324131446e+18_Errands,Internsion_1.0213936814656956e+19,go_to
Desire_1.1878870600560988e+19_Shop,Internsion_1.063408883493864e+19,go_to
Desire_5.970434599400098e+18_Errands,Internsion_7.518111001252413e+18,go_to
Desire_8.668097644323609e+18_Recreation,Internsion_1.4584936042718603e+19,go_to
Desire_1.2045614433098242e+19_School,Internsion_6.263469299345304e+18,go_to
Desire_1.3918527483414604e+19_Eat,Internsion_9.92091055671845e+18,go_to
Desire_1.312385284479524e+18_Shop,Internsion_6.445308505342286e+18,go_to
Desire_1.380610249077884e+19_Recreation,Internsion_8.489185817449558e+18,go_to
Desire_1.637162219332371e+19_Recreation,Internsion_1.3731939082500735e+19,go_to
Desire_2.487956454051152e+18_Eat,Internsion_1.127414758186687e+19,go_to
Desire_1.273930442360301e+19_Eat,Internsion_1.1328451682256378e+19,go_to
Desire_3.564720168942971e+18_Eat,Internsion_4.3185752014196224e+18,go_to
Desire_1.1276916464690977e+19_Shop,Internsion_8.082067736018912e+18,go_to
Desire_8.03764507597447e+17_Shop,Internsion_6.386930609034927e+18,go_to
Desire_2.6255105675342577e+18_School,Internsion_8.963447093268637e+18,go_to
Desire_2.641505075712976e+18_Errands,Internsion_1.6632977231690303e+19,go_to
Desire_1.5431927114694218e+19_Shop,Internsion_1.100217586019055e+19,go_to
Desire_9.039264135513294e+18_Shop,Internsion_1.2434356396367049e+19,go_to
Desire_4.701670807736002e+18_School,Internsion_1.3899907095440706e+19,go_to
Desire_1.066435798613726e+19_Errands,Internsion_9.368559400456485e+18,go_to
Desire_1.767117113188898e+19_Errands,Internsion_1.391349757390782e+19,go_to
Desire_1.3364584664653134e+19_Errands,Internsion_1.2075356666776525e+19,go_to
Desire_1.038027433728352e+19_Eat,Internsion_1.0720408588528413e+19,go_to
Desire_1.5557683428683276e+19_Shop,Internsion_1.3528350287142015e+19,go_to
Desire_1.847069974938225e+18_Eat,Internsion_5.988025628059096e+18,go_to
Desire_1.6686491799211704e+19_Recreation,Internsion_8.487278110824927e+18,go_to
Desire_3.7391348863453245e+18_Recreation,Internsion_1.2581972033895983e+19,go_to
Desire_3.775889985027957e+18_Recreation,Internsion_1.6079961699655608e+19,go_to
Desire_1.2234982565922566e+19_Errands,Internsion_1.7262150824513182e+19,go_to
Desire_1.0431086368476035e+19_Eat,Internsion_1.4188090216657009e+19,go_to
Desire_5.082472187821226e+18_School,Internsion_9.228334612884508e+17,go_to
Desire_4.644311570562016e+18_Eat,Internsion_1.2208467762592692e+19,go_to
Desire_1.3368598351132406e+19_Eat,Internsion_1.6964716697196993e+19,go_to
Desire_9.846583910142708e+18_Eat,Internsion_4.876454006091585e+18,go_to
Desire_1.2863681651173226e+19_Recreation,Internsion_1.157695346480711e+19,go_to
Desire_8.854122060651395e+18_Shop,Internsion_1.6061399479557413e+19,go_to
Desire_1.3449027492928068e+19_Recreation,Internsion_1.007078531484504e+18,go_to
Desire_1.3266071747657592e+17_Eat,Internsion_6.97932786148378e+18,go_to
Desire_1.326341779854978e+19_Eat,Internsion_1.7587642653767555e+19,go_to
Desire_9.54409544009793e+18_Errands,Internsion_7.175109849492067e+18,go_to
Desire_1.6306970330916393e+19_Eat,Internsion_1.0977401008536412e+19,go_to
Desire_1.8384135995545124e+18_Recreation,Internsion_1.736116260511438e+19,go_to
Desire_1.8344418348026192e+19_Eat,Internsion_1.0276332432418177e+19,go_to
Desire_3.782717509690173e+18_Eat,Internsion_1.7622890927946338e+19,go_to
Desire_1.4361491187015262e+19_Recreation,Internsion_1.0202118168797967e+18,go_to
Desire_4.358009518067831e+18_Eat,Internsion_1.1936705994363144e+19,go_to
Desire_8.473053135355255e+18_Eat,Internsion_6.409966797246435e+18,go_to
Desire_1.2224011727035077e+19_Recreation,Internsion_1.800024447611602e+19,go_to
Desire_6.172929302720324e+18_Recreation,Internsion_1.319713982994624e+18,go_to
Desire_1.6260700499035054e+18_Eat,Internsion_4.939720540216618e+18,go_to
Desire_2.2965883174559887e+18_Shop,Internsion_1.433795013955297e+19,go_to
Desire_1.2818597909113537e+19_Recreation,Internsion_1.1385955244393845e+19,go_to
Desire_4.528510669881105e+18_Eat,Internsion_1.3507854458963087e+19,go_to
Desire_7.743310538846403e+18_Eat,Internsion_1.7070935730725106e+19,go_to
Desire_1.2840096693408362e+19_School,Internsion_1.2834217577502296e+19,go_to
Desire_9.31136982616168e+18_Eat,Internsion_2.0536776409705293e+18,go_to
Desire_1.0737677330909284e+19_Shop,Internsion_1.655460071627613e+19,go_to
Desire_1.1847481556323713e+19_Shop,Internsion_5.949491319477948e+18,go_to
Desire_2.498145247941312e+18_Errands,Internsion_7.828811921889318e+18,go_to
Desire_1.170769753084451e+19_Shop,Internsion_2.649374353439584e+18,go_to
Desire_1.780012940321989e+19_Shop,Internsion_1.396952371390833e+18,go_to
Desire_1.2385581294463349e+19_Recreation,Internsion_1.0488624795298275e+19,go_to
Desire_1.3199269728532482e+19_Recreation,Internsion_1.0543732024708452e+19,go_to
Desire_1.5838113390882765e+19_Errands,Internsion_9.172295962529406e+18,go_to
Desire_6.098483241607982e+17_Recreation,Internsion_1.2388158070307406e+19,go_to
Desire_1.5345477795391214e+19_Eat,Internsion_3.756937088976449e+18,go_to
Desire_3.4591124645644614e+17_Eat,Internsion_3.19327256492106e+18,go_to
Desire_8.685018627076352e+18_Shop,Internsion_5.945811114911377e+18,go_to
Desire_1.0691072004995578e+19_Shop,Internsion_6.599182702298807e+18,go_to
Desire_1.38330933600143e+19_Eat,Internsion_6.086079016089954e+18,go_to
Desire_1.4124299631129549e+19_Shop,Internsion_1.4304766768389198e+19,go_to
Desire_5.159775940981806e+18_Eat,Internsion_9.299290183314973e+18,go_to
Desire_9.88364166078897e+18_Eat,Internsion_1.295204997646687e+19,go_to
Desire_9.98080440252326e+18_Eat,Internsion_1.4870273125323106e+19,go_to
Desire_8.283852888765289e+18_Errands,Internsion_1.4263759397546174e+19,go_to
Desire_9.367563397626442e+18_Eat,Internsion_1.6031107941606212e+19,go_to
Desire_1.671659572534444e+19_Errands,Internsion_2.8998586723007974e+18,go_to
Desire_7.777709531566038e+17_Eat,Internsion_7.415314990878567e+18,go_to
Desire_1.2062821951066894e+19_Eat,Internsion_1.384497899669031e+18,go_to
Desire_2.299502710383849e+18_Eat,Internsion_1.3171822702773289e+19,go_to
Desire_3.607712965832271e+18_Recreation,Internsion_1.1319185518356795e+19,go_to
Desire_3.7547419713765857e+18_Recreation,Internsion_3.386250224538791e+18,go_to
Desire_1.4179863340141455e+19_Recreation,Internsion_1.6311468404712071e+19,go_to
Desire_1.0154842763449946e+19_Eat,Internsion_1.6096466772059294e+19,go_to
Desire_3.7891159157843866e+18_Errands,Internsion_1.491892870707782e+19,go_to
Desire_4.100123821137356e+18_Errands,Internsion_1.6188327787924216e+19,go_to
Desire_1.002557955200668e+19_Eat,Internsion_8.297529573321615e+18,go_to
Desire_1.2259076584840346e+19_Eat,Internsion_1.2498669618773432e+19,go_to
Desire_1.282104264172362e+19_Eat,Internsion_9.31237839812792e+18,go_to
Desire_7.649028385999322e+18_Recreation,Internsion_1.4155714516540551e+19,go_to
Desire_1.8055895484406508e+19_Eat,Internsion_1.44283263619221e+19,go_to
Desire_1.3764574279126624e+19_Eat,Internsion_1.0891887709858447e+19,go_to
Desire_1.504469019348668e+19_School,Internsion_1.68953646854248e+18,go_to
Desire_9.527825766567487e+18_Eat,Internsion_1.3166765482427822e+18,go_to
Desire_1.824802159325726e+19_Recreation,Internsion_1.287063727938171e+19,go_to
Desire_4.20612503471592e+18_Recreation,Internsion_7.07701995043995e+18,go_to
Desire_8.406250362095892e+18_Eat,Internsion_1.2523469599142646e+19,go_to
Desire_2.414002254695485e+18_Shop,Internsion_3.334981526340238e+17,go_to
Desire_7.5777687081785e+18_Eat,Internsion_1.2653247331086215e+19,go_to
Desire_9.54389709862364e+18_Shop,Internsion_1.7232980607412136e+19,go_to
Desire_1.0044865779661378e+19_Shop,Internsion_1.500138619269656e+19,go_to
Desire_1.6015765936223148e+19_Shop,Internsion_9.828131189467218e+18,go_to
Desire_1.4973908952681312e+19_Eat,Internsion_4.3133465384060224e+17,go_to
Desire_1.3532732260856625e+18_Eat,Internsion_6.507213795981822e+18,go_to
Desire_7.609284043267205e+16_Shop,Internsion_6.004519976004468e+18,go_to
Desire_1.4123342111356602e+19_Shop,Internsion_1.2684890146123049e+19,go_to
Desire_1.3604547512018342e+19_Other,Internsion_7.368514798767085e+18,go_to
Desire_1.7083997856288172e+19_Recreation,Internsion_1.6735027399240532e+19,go_to
Desire_1.123913264548561e+19_Recreation,Internsion_7.588473305668392e+18,go_to
Desire_1.2506034592006904e+19_Recreation,Internsion_1.7429644356919368e+18,go_to
Desire_1.1563348618070113e+18_Shop,Internsion_2.553073529416909e+18,go_to
Desire_1.6220558656191758e+19_Shop,Internsion_1.7394309655020493e+19,go_to
Desire_3.329923383406124e+17_Shop,Internsion_1.0176138675245312e+19,go_to
Desire_1.6169305899649075e+19_Errands,Internsion_7.835165625932882e+18,go_to
Desire_2.0768542051174264e+18_Other,Internsion_1.530846327656514e+19,go_to
Desire_1.720710310306004e+19_Errands,Internsion_1.625830904737546e+19,go_to
Desire_1.6257138928173416e+19_Eat,Internsion_4.963077504900486e+18,go_to
Desire_1.2606120693346535e+19_Errands,Internsion_1.4733468589434335e+19,go_to
Desire_1.7542612314295114e+19_Shop,Internsion_1.158503030721168e+19,go_to
Desire_1.4244005197881522e+19_Errands,Internsion_1.0980483015218534e+18,go_to
Desire_1.0558192554984104e+19_Other,Internsion_1.5267742060556704e+19,go_to
Desire_1.3985727498765027e+19_Recreation,Internsion_2.9110385603112294e+18,go_to
Desire_7.872408849988941e+18_Shop,Internsion_1.568404686334619e+18,go_to
Desire_1.3285265061043087e+19_Recreation,Internsion_5.463253698908489e+18,go_to
Desire_1.4138421667247972e+19_Eat,Internsion_7.161608461310216e+18,go_to
Desire_5.452385231415181e+18_Eat,Internsion_1.3982482258600718e+19,go_to
Desire_1.3902932074883877e+19_Recreation,Internsion_5.532765954820609e+17,go_to
Desire_1.5747762351201083e+19_Recreation,Internsion_2.359258759841977e+18,go_to
Desire_1.2440221233683997e+19_Eat,Internsion_7.665688709042125e+18,go_to
Desire_4.5205580868388495e+18_Shop,Internsion_1.2488348091464872e+19,go_to
Desire_1.6443020787247944e+19_Errands,Internsion_3.3091793949685924e+18,go_to
Desire_7.6488019906147e+18_Eat,Internsion_4.39433711916204e+18,go_to
Desire_6.874664165691084e+18_Eat,Internsion_1.4456814499781462e+19,go_to
Desire_3.256675065776065e+17_Eat,Internsion_6.79741078702822e+18,go_to
Desire_1.1942983256376844e+19_Recreation,Internsion_1.8259062583123204e+19,go_to
Desire_1.8368422791140583e+19_Eat,Internsion_1.8006469037684568e+19,go_to
Desire_6.557999081478646e+18_Eat,Internsion_1.5444196604888908e+19,go_to
Desire_3.103878462698837e+18_Shop,Internsion_1.5228374481734418e+19,go_to
Desire_5.030159084645347e+16_Eat,Internsion_1.5211501229415248e+19,go_to
Desire_7.858508194727851e+18_Errands,Internsion_1.05649415336541e+19,go_to
Desire_4.687867412075578e+17_Recreation,Internsion_9.581873683762278e+18,go_to
Desire_1.293806331978502e+19_Shop,Internsion_8.28569727236877e+18,go_to
Desire_1.1973506305514952e+18_Errands,Internsion_1.2364999521716644e+19,go_to
Desire_1.0604300372519844e+19_Recreation,Internsion_1.2309876783605928e+19,go_to
Desire_3.760100228415403e+18_Eat,Internsion_9.42813249400998e+18,go_to
Desire_1.0655854781664076e+19_Errands,Internsion_1.37602945827453e+19,go_to
Desire_1.6922801363847811e+19_Eat,Internsion_9.818439007206648e+18,go_to
Desire_4.1213593386232576e+17_Recreation,Internsion_1.3485628545318169e+19,go_to
Desire_6.426811016538642e+18_Shop,Internsion_1.309427675110736e+19,go_to
Desire_8.073485315167018e+18_Recreation,Internsion_1.531958106571788e+19,go_to
Desire_3.989857577353382e+18_School,Internsion_3.573028809693285e+18,go_to
Desire_1.4998937506168418e+19_Eat,Internsion_3.740138046094256e+18,go_to
Desire_1.7409631072609736e+18_Eat,Internsion_1.440109912069611e+19,go_to
Desire_1.7196889707997628e+19_Eat,Internsion_1.6312069130155158e+19,go_to
Desire_1.0211143819911504e+19_Eat,Internsion_8.084724052983241e+18,go_to
Desire_3.143754816271501e+18_Shop,Internsion_7.875653800772815e+18,go_to
Desire_1.5433648318334996e+19_Shop,Internsion_1.5779367967646771e+19,go_to
Desire_1.589943113211983e+19_Shop,Internsion_1.0019945866314353e+19,go_to
Desire_1.3493719364692498e+19_Shop,Internsion_8.800504588574782e+18,go_to
Desire_1.0487469283161663e+19_Recreation,Internsion_2.3706439918112594e+18,go_to
Desire_1.6362854816353927e+19_Eat,Internsion_1.5094003094872189e+19,go_to
Desire_8.421884105504885e+18_Errands,Internsion_1.5995546261464795e+19,go_to
Desire_6.318681793188302e+16_Eat,Internsion_3.5766997632891136e+18,go_to
Desire_1.5834096605608745e+19_Eat,Internsion_1.4304045557492908e+19,go_to
Desire_1.8253890946541268e+18_Shop,Internsion_6.632091993539974e+18,go_to
Desire_2.880118963720633e+18_Shop,Internsion_2.546034280347819e+18,go_to
Desire_3.1379972996604493e+18_Work,Internsion_8.0222723148245e+18,go_to
Desire_1.0946016398183231e+19_Shop,Internsion_1.626716600683471e+19,go_to
Desire_1.5976110582200568e+19_Eat,Internsion_2.2919819657751296e+18,go_to
Desire_1.1714793893941109e+19_Eat,Internsion_1.0950658803386866e+19,go_to
Desire_1.5375077255326417e+19_Eat,Internsion_1.5586905619692966e+19,go_to
Desire_9.211195629524728e+18_Errands,Internsion_8.718523637714258e+17,go_to
Desire_3.470317764835228e+18_Eat,Internsion_8.246870107476607e+18,go_to
Desire_8.64947460483731e+18_Shop,Internsion_7.372264289250378e+18,go_to
Desire_1.4703413346156247e+19_School,Internsion_8.593273142412091e+18,go_to
Desire_2.710398647354176e+18_Shop,Internsion_9.793505506480902e+18,go_to
Desire_7.970586308848287e+18_Recreation,Internsion_8.909027400295327e+18,go_to
Desire_4.948519572625961e+18_Recreation,Internsion_5.239364903257527e+18,go_to
Desire_1.0664494269344457e+19_Eat,Internsion_7.308533751813001e+18,go_to
Desire_1.5346748234517435e+18_Shop,Internsion_1.1300050057488372e+19,go_to
Desire_8.940848336496961e+18_Recreation,Internsion_9.861844588849533e+18,go_to
Desire_2.3748227400085704e+18_Shop,Internsion_8.015213820043382e+18,go_to
Desire_1.796206086984348e+19_Eat,Internsion_8.294049646045699e+18,go_to
Desire_9.43927804010535e+18_Eat,Internsion_5.767018012302754e+18,go_to
Desire_5.060741815381891e+18_Eat,Internsion_1.6487867338135544e+19,go_to
Desire_1.3037705098312872e+19_Errands,Internsion_1.7437298122915789e+19,go_to
Desire_1.654385846252946e+19_Recreation,Internsion_7.258198383254686e+18,go_to
Desire_2.691434724400815e+18_Shop,Internsion_1.51026734892889e+18,go_to
Desire_1.8069295006359443e+19_Eat,Internsion_3.291155151272948e+18,go_to
Desire_2.3720964966493394e+18_Recreation,Internsion_2.0481522027152e+18,go_to
Desire_9.426759300968772e+18_Recreation,Internsion_1.4475112252326756e+19,go_to
Desire_1.398696291854764e+19_Shop,Internsion_8.581205713515818e+18,go_to
Desire_4.944717650067462e+18_Errands,Internsion_7.108676340342915e+18,go_to
Desire_1.799019949909777e+19_Recreation,Internsion_3.612980913844125e+17,go_to
Desire_4.12557996483595e+18_Other,Internsion_3.704526022032608e+18,go_to
Desire_1.5191608500918315e+19_Errands,Internsion_1.3617935077164374e+19,go_to
Desire_7.232853313475538e+18_Errands,Internsion_1.068083353379048e+19,go_to
Desire_9.12548625219739e+18_Recreation,Internsion_1.729629746988195e+19,go_to
Desire_5.072382807664268e+18_Eat,Internsion_9.144508850485514e+18,go_to
Desire_1.1029699929193478e+19_Shop,Internsion_1.15705008388494e+19,go_to
Desire_1.6876030521393416e+19_Recreation,Internsion_8.042827458820069e+18,go_to
Desire_1.2917536495586478e+19_Recreation,Internsion_1.4073831326888243e+19,go_to
Desire_5.180533626978472e+18_Shop,Internsion_2.769542489913012e+18,go_to
Desire_8.856562769586476e+17_Errands,Internsion_3.8465584603854136e+18,go_to
Desire_2.4145316438932824e+16_Errands,Internsion_5.470628963797832e+18,go_to
Desire_1.626530828966455e+19_Shop,Internsion_1.5572711870534783e+19,go_to
Desire_7.042703655018312e+18_Recreation,Internsion_1.567722520589892e+19,go_to
Desire_1.7583603825745824e+19_Recreation,Internsion_3.588753472254389e+18,go_to
Desire_3.599676855165179e+18_Errands,Internsion_1.2650465274861349e+19,go_to
Desire_9.64946838306738e+18_Shop,Internsion_4.86796707303374e+18,go_to
Desire_4.70970006508293e+18_Errands,Internsion_1.5541299714318643e+19,go_to
Desire_1.5348641797576516e+19_Errands,Internsion_1.802104581634116e+19,go_to
Desire_2.10273837704723e+18_Shop,Internsion_1.1809891248992434e+19,go_to
Desire_9.547622579048428e+17_Eat,Internsion_9.623621604332282e+18,go_to
Desire_1.4526632176628543e+19_Eat,Internsion_8.644319836950841e+18,go_to
Desire_1.4090329529529197e+19_Other,Internsion_1.500431613833608e+19,go_to
Desire_1.2247743816633352e+19_Eat,Internsion_8.766590089814621e+18,go_to
Desire_1.3692768856247742e+19_Recreation,Internsion_1.025189893851214e+19,go_to
Desire_6.892623772869889e+18_Eat,Internsion_5.616784237192748e+17,go_to
Desire_7.961838778207349e+18_Eat,Internsion_1.858660330106048e+18,go_to
Desire_1.606320254690974e+19_Shop,Internsion_1.8388735150517987e+19,go_to
Desire_1.6462477037276215e+19_Recreation,Internsion_2.4332731827690204e+18,go_to
Desire_1.3184703816353997e+18_Shop,Internsion_1.5925127462688315e+19,go_to
Desire_1.454693712082998e+19_Shop,Internsion_1.498600155982331e+18,go_to
Desire_9.705647158768249e+18_Recreation,Internsion_7.669545724044516e+18,go_to
Desire_1.6619965540196907e+19_Shop,Internsion_6.84478790132132e+18,go_to
Desire_1.0314037188640434e+19_Shop,Internsion_1.3025879800918315e+19,go_to
Desire_9.875810928345104e+18_Errands,Internsion_1.6389046040326433e+19,go_to
Desire_6.114281221154988e+18_Shop,Internsion_1.6737211151065162e+18,go_to
Desire_1.5246346138298186e+18_Errands,Internsion_6.197753987191588e+18,go_to
Desire_1.1439644758436916e+18_Eat,Internsion_1.2859272310528143e+19,go_to
Desire_1.7866044589470878e+19_Shop,Internsion_1.1144071977115652e+18,go_to
Desire_4.85645521166945e+18_Recreation,Internsion_3.571763984085571e+18,go_to
Desire_7.83234050375957e+17_Shop,Internsion_7.948793484845574e+18,go_to
Desire_5.540845788888598e+17_Eat,Internsion_8.455392174041757e+18,go_to
Desire_1.4331323373661528e+19_Eat,Internsion_1.5565683429920043e+19,go_to
Desire_1.9861692955129385e+18_Shop,Internsion_1.7855829095411714e+19,go_to
Desire_4.053809462139284e+17_Recreation,Internsion_8.445242404434246e+18,go_to
Desire_5.185424759401669e+18_Recreation,Internsion_7.973696014178473e+18,go_to
Desire_1.3510398921109953e+19_Eat,Internsion_6.478685123293741e+18,go_to
Desire_3.572953874553911e+18_Eat,Internsion_1.7240564857922929e+19,go_to
Desire_8.828182392652305e+18_Shop,Internsion_7.910452472741699e+18,go_to
Desire_1.0412904692099525e+19_Errands,Internsion_1.804755761153556e+19,go_to
Desire_4.4595540336768937e+18_Eat,Internsion_1.6878392388193792e+19,go_to
Desire_6.448890491805358e+18_Eat,Internsion_1.4177647834119289e+19,go_to
Desire_1.016171680267689e+19_Errands,Internsion_3.441127387907649e+18,go_to
Desire_1.2158127934021624e+19_Shop,Internsion_1.6590301496305414e+19,go_to
Desire_1.593719330028895e+19_Eat,Internsion_1.0425211635102065e+19,go_to
Desire_1.0730958306735747e+19_Other,Internsion_1.4423288236016448e+18,go_to
Desire_1.1498117783057266e+18_Shop,Internsion_1.2919676497196245e+19,go_to
Desire_1.8028820205692684e+19_Other,Internsion_8.181752626992739e+18,go_to
Desire_5.584379879603716e+18_School,Internsion_3.760286066369122e+18,go_to
Desire_8.577858640100725e+18_Eat,Internsion_9.30172391969001e+18,go_to
Desire_1.294742216086813e+18_Eat,Internsion_1.3221850310097789e+19,go_to
Desire_1.307177308435077e+19_Errands,Internsion_1.323860772820975e+19,go_to
Desire_7.309564518168692e+18_Shop,Internsion_1.8326834792647168e+19,go_to
Desire_8.626063957869958e+18_Shop,Internsion_9.074084140157302e+18,go_to
Desire_1.878432982204456e+18_Shop,Internsion_2.554702398515852e+18,go_to
Desire_1.7051934375918405e+18_Eat,Internsion_3.934201343883385e+18,go_to
Desire_7.17534657752865e+17_Eat,Internsion_1.7809490960281025e+19,go_to
Desire_8.288434127880378e+18_Errands,Internsion_6.952532769037781e+18,go_to
Desire_1.429471737709332e+19_Recreation,Internsion_1.6496558969484931e+19,go_to
Desire_2.307193881883474e+18_Shop,Internsion_1.8396603273123047e+19,go_to
Desire_1.7586052990929707e+19_Shop,Internsion_1.3324819378141258e+19,go_to
Desire_1.7414648936561189e+19_School,Internsion_9.287572605128397e+18,go_to
Desire_1.4454810072181754e+19_Eat,Internsion_2.24181334577303e+18,go_to
Desire_1.4914260539092212e+19_Recreation,Internsion_5.631285732644111e+18,go_to
Desire_1.6984890460017613e+19_Errands,Internsion_8.486264994824339e+18,go_to
Desire_1.3633415465826963e+19_Errands,Internsion_1.1291590916738443e+19,go_to
Desire_4.890167506938296e+18_Work,Internsion_7.759916116472067e+18,go_to
Desire_3.983885815403203e+18_Shop,Internsion_1.0279487451614036e+19,go_to
Desire_1.491022613477253e+17_Shop,Internsion_1.6650553733774533e+19,go_to
Desire_1.1593126596334434e+19_Eat,Internsion_4.955332161597228e+18,go_to
Desire_1.4677120009177651e+19_Eat,Internsion_3.3591938153485384e+18,go_to
Desire_1.084416206730767e+19_Eat,Internsion_7.434304141290848e+18,go_to
Desire_2.9964870975365565e+18_Eat,Internsion_6.921039680136429e+18,go_to
Desire_1.5915861081718671e+19_Shop,Internsion_1.4876111872170449e+19,go_to
Desire_5.197007292634573e+18_Recreation,Internsion_4.790747883493926e+18,go_to
Desire_9.904322851572623e+18_Eat,Internsion_9.608479537769738e+18,go_to
Desire_1.2715710871148198e+19_Eat,Internsion_6.335466882213105e+18,go_to
Desire_1.654385846252946e+19_Eat,Internsion_2.308987636788428e+18,go_to
Desire_1.217052199200192e+19_Shop,Internsion_1.350079890111558e+18,go_to
Desire_8.180755941957444e+18_Errands,Internsion_1.3492486695532196e+19,go_to
Desire_7.088040641167985e+18_Eat,Internsion_1.0134567225311152e+19,go_to
Desire_8.578810033310352e+18_Shop,Internsion_1.5955119393058994e+19,go_to
Desire_1.5439821678364891e+19_Errands,Internsion_1.311994108324179e+19,go_to
Desire_1.6444734530604849e+18_Recreation,Internsion_7.511785746810894e+18,go_to
Desire_7.40787364697957e+18_Other,Internsion_2.908414644520887e+18,go_to
Desire_1.2396524479902427e+19_Errands,Internsion_8.838407023023475e+18,go_to
Desire_1.5503214659252382e+19_Eat,Internsion_1.643529024587945e+19,go_to
Desire_1.7696933818014898e+19_Eat,Internsion_8.83669842887571e+18,go_to
Desire_1.215270001460907e+19_Shop,Internsion_1.4790648779358312e+19,go_to
Desire_1.557873725202117e+19_Shop,Internsion_1.296447167242769e+19,go_to
Desire_6.798850658309516e+18_Errands,Internsion_9.121907344072766e+18,go_to
Desire_1.4990223233696903e+19_Eat,Internsion_1.1642546607125723e+19,go_to
Desire_1.3183008548917551e+19_Errands,Internsion_1.6565219683359883e+19,go_to
Desire_1.662625677675082e+19_Eat,Internsion_1.6987344276762888e+19,go_to
Desire_6.665771647494761e+18_Shop,Internsion_1.8231448504022843e+19,go_to
Desire_5.190757260546974e+18_Shop,Internsion_1.5350744959300995e+19,go_to
Desire_7.241899909971309e+18_Shop,Internsion_1.2759180336871688e+19,go_to
Desire_4.082622066245616e+18_Eat,Internsion_9.085553818371752e+18,go_to
Desire_9.9457283261906e+17_Errands,Internsion_1.3521842685731592e+19,go_to
Desire_1.2545902044364702e+19_Errands,Internsion_1.0862719427644803e+19,go_to
Desire_1.4100618520698335e+19_Shop,Internsion_2.780286459916202e+18,go_to
Desire_5.301895798461703e+18_Recreation,Internsion_2.8740003027646203e+18,go_to
Desire_1.095218730576155e+19_Eat,Internsion_1.6350087960308623e+19,go_to
Desire_1.333679988536387e+19_Eat,Internsion_1.6828930280739891e+19,go_to
Desire_1.7804312066648928e+19_Shop,Internsion_1.3434229426538445e+19,go_to
Desire_5.701018739582164e+18_Shop,Internsion_1.8727508996604388e+18,go_to
Desire_4.2331885714238817e+18_Recreation,Internsion_2.733110247295669e+18,go_to
Desire_8.2721064056114e+18_Shop,Internsion_9.333797475312966e+18,go_to
Desire_7.828409449259805e+18_School,Internsion_1.1129615670517266e+19,go_to
Desire_1.7382267283204055e+19_Shop,Internsion_9.456718943785257e+18,go_to
Desire_1.6948889411741684e+19_Shop,Internsion_1.0209376334478176e+19,go_to
Desire_5.665128851225223e+18_Errands,Internsion_1.633888097652414e+19,go_to
Desire_1.5233077436147382e+19_Other,Internsion_1.0194359488094762e+18,go_to
Desire_1.3565270884341747e+18_Shop,Internsion_6.129940453318974e+18,go_to
Desire_7.662660045964052e+17_Recreation,Internsion_7.469174567462456e+18,go_to
Desire_1.3107066748076815e+18_Eat,Internsion_5.447919496685476e+18,go_to
Desire_1.1584695896306885e+19_Recreation,Internsion_3.612119782148366e+18,go_to
Desire_1.430780688189308e+19_Eat,Internsion_3.517785422319114e+18,go_to
Desire_9.455410994901234e+18_Eat,Internsion_4.694532587186442e+18,go_to
Desire_1.578564042983583e+19_Shop,Internsion_4.68758636546879e+18,go_to
Desire_1.7372866334891344e+19_Shop,Internsion_1.085795752119181e+19,go_to
Desire_8.65095354590631e+18_Recreation,Internsion_9.533714899231707e+18,go_to
Desire_6.847006019649337e+18_Errands,Internsion_4.98859311625924e+17,go_to
Desire_7.586493324751371e+18_Shop,Internsion_1.6469442608429652e+19,go_to
Desire_1.4112998183100252e+19_Eat,Internsion_4.263374159272183e+18,go_to
Desire_2.5245280912553984e+18_Shop,Internsion_6.430747087428854e+18,go_to
Desire_4.445176124061057e+18_Eat,Internsion_9.097617699972524e+18,go_to
Desire_9.426991853010473e+18_Eat,Internsion_1.5364848971914318e+19,go_to
Desire_1.273140952659186e+18_Eat,Internsion_1.4111120106299517e+19,go_to
Desire_2.1599504163588147e+18_Recreation,Internsion_1.494294134530365e+18,go_to
Desire_1.8165742419022664e+19_Errands,Internsion_1.431488851531392e+19,go_to
Desire_1.661686185018151e+19_Shop,Internsion_9.40131403587105e+18,go_to
Desire_7.698828767742914e+18_Recreation,Internsion_1.0267491611504505e+19,go_to
Desire_2.9217563814256824e+18_Recreation,Internsion_3.2924806704396017e+18,go_to
Desire_1.54780353184245e+19_Eat,Internsion_1.840096691589877e+19,go_to
Desire_1.3030138222133837e+18_Shop,Internsion_1.6552183206314365e+19,go_to
Desire_6.684181683925196e+18_Errands,Internsion_1.0318645753326977e+19,go_to
Desire_2.4262678991534505e+18_Shop,Internsion_1.0410445675385518e+19,go_to
Desire_6.591216434845597e+18_Eat,Internsion_1.3511968840248017e+19,go_to
Desire_5.260338866567756e+18_Eat,Internsion_1.6968970213143726e+19,go_to
Desire_8.591642546845037e+17_Shop,Internsion_4.1946470044563287e+18,go_to
Desire_3.333601845475232e+18_Eat,Internsion_1.4390209157291297e+19,go_to
Desire_8.97871794595171e+18_Shop,Internsion_1.1347868738662605e+19,go_to
Desire_9.393759010862674e+16_Eat,Internsion_9.500153628495909e+18,go_to
Desire_7.753405015032126e+18_Eat,Internsion_1.23317870492897e+19,go_to
Desire_1.369281188269017e+19_Recreation,Internsion_8.981689889788943e+18,go_to
Desire_3.2337469315791217e+18_Eat,Internsion_3.5321167738367626e+18,go_to
Desire_1.0350316237392118e+19_Eat,Internsion_8.023005897535503e+18,go_to
Desire_7.464283144810607e+18_Eat,Internsion_1.4119211282527238e+19,go_to
Desire_1.0559860062467123e+19_Recreation,Internsion_7.404735190808638e+18,go_to
Desire_8.323165934358414e+18_Errands,Internsion_1.2340727349821028e+19,go_to
Desire_1.340756455861326e+18_Recreation,Internsion_1.245501082241835e+19,go_to
Desire_5.654665068580284e+18_Shop,Internsion_7.642505577986636e+18,go_to
Desire_1.6622778712952838e+19_Eat,Internsion_7.805441064202884e+18,go_to
Desire_1.1837852036326762e+19_Eat,Internsion_4.303229745081841e+18,go_to
Desire_7.892552521148353e+18_Errands,Internsion_1.3439321372281655e+19,go_to
Desire_1.5163326817009215e+19_Errands,Internsion_1.4799796994213146e+18,go_to
Desire_1.326268077341201e+19_Eat,Internsion_4.829153731007265e+18,go_to
Desire_1.057718756154504e+19_Recreation,Internsion_1.1869627263718425e+19,go_to
Desire_6.58342378820028e+18_Eat,Internsion_8.451993658878023e+18,go_to
Desire_8.898380673366748e+18_Eat,Internsion_1.7288463952203125e+19,go_to
Desire_2.4833039522819425e+18_Eat,Internsion_1.824841048995981e+19,go_to
Desire_1.4283712910172885e+19_Recreation,Internsion_8.804135553486264e+16,go_to
Desire_8.271062882681525e+18_Recreation,Internsion_9.992773758402523e+18,go_to
Desire_1.4750229605398352e+19_Shop,Internsion_1.4493403821701454e+19,go_to
Desire_9.829916918534089e+18_Eat,Internsion_6.72343837407879e+17,go_to
Desire_1.4131721088564503e+18_Errands,Internsion_4.1178321453733576e+18,go_to
Desire_7.081676839075951e+18_Eat,Internsion_8.944867392474108e+18,go_to
Desire_1.1229963634119682e+19_Work,Internsion_1.2824162265969195e+19,go_to
Desire_1.4457875284133286e+19_Eat,Internsion_1.0872504477694003e+19,go_to
Desire_1.237329166258622e+19_School,Internsion_9.010221326666815e+18,go_to
Desire_4.646987898162941e+18_Eat,Internsion_1.292611275829981e+19,go_to
Desire_1.6251714247613809e+19_Eat,Internsion_1.5410375806332176e+19,go_to
Desire_1.6543850764195402e+19_Eat,Internsion_1.2245393492326384e+19,go_to
Desire_7.694618497706093e+18_Eat,Internsion_5.56103537963397e+18,go_to
Desire_1.7360493240746404e+19_Recreation,Internsion_1469586272643636.0,go_to
Desire_1.3947502732191312e+19_Shop,Internsion_7.864770901348762e+18,go_to
Desire_1.5070159857181064e+18_Recreation,Internsion_1.694467478784712e+18,go_to
Desire_8.489533099239065e+18_Eat,Internsion_1.2005286042329491e+19,go_to
Desire_4.081557267796121e+18_Eat,Internsion_4.118163800943457e+18,go_to
Desire_5.060781221062896e+18_Eat,Internsion_7.061596361207736e+17,go_to
Desire_1.4323512599866198e+19_Recreation,Internsion_1.3605760004453198e+19,go_to
Desire_1.3429948093731617e+19_Recreation,Internsion_1.4833374134887055e+19,go_to
Desire_1.2827106741309012e+19_Shop,Internsion_8.377394046439485e+18,go_to
Desire_1.601764209115106e+19_Eat,Internsion_7.23256216157666e+18,go_to
Desire_1.343075194302885e+19_Eat,Internsion_1.1492744305876853e+19,go_to
Desire_1.7392862204436333e+19_Recreation,Internsion_9.97495388816472e+18,go_to
Desire_1.1828767925035362e+19_Eat,Internsion_6.23091483993644e+18,go_to
Desire_1.4134130805609474e+19_Recreation,Internsion_1.0677548277216731e+19,go_to
Desire_3.7994482779835633e+18_Eat,Internsion_1.2583305826629603e+19,go_to
Desire_1.3340014403164203e+19_Errands,Internsion_7.539808166221222e+18,go_to
Desire_9.923541600969624e+18_Errands,Internsion_2.777421688761394e+18,go_to
Desire_5.129293816622791e+17_Eat,Internsion_9.331706453191907e+18,go_to
Desire_2.8326527095535724e+18_Eat,Internsion_1.1341778273164794e+19,go_to
Desire_1.3292467617742463e+19_Eat,Internsion_1.4990285299208088e+19,go_to
Desire_4.1783842973074417e+18_Shop,Internsion_9.922798640858034e+18,go_to
Desire_1.5879891696834228e+19_Recreation,Internsion_7.434342789593321e+18,go_to
Desire_4.789569376464758e+18_Errands,Internsion_9.518803400386328e+17,go_to
Desire_1.3691457497420382e+19_Errands,Internsion_1.6588444478000658e+19,go_to
Desire_9.578299975345525e+18_Eat,Internsion_6.18645663736774e+18,go_to
Desire_2.628092394650728e+18_Recreation,Internsion_1.2110962982670969e+19,go_to
Desire_5.740775874152275e+18_Errands,Internsion_4.664588088551483e+18,go_to
Desire_1.3875791904522887e+19_Errands,Internsion_9.097790256822168e+17,go_to
Desire_8.243841536953007e+18_Eat,Internsion_1.332238249404204e+19,go_to
Desire_1.1463605161472522e+19_Shop,Internsion_1.2460212629148383e+19,go_to
Desire_2.6108616432800307e+17_Shop,Internsion_5.444704521497261e+18,go_to
Desire_1.2128411749030298e+19_Eat,Internsion_1.0932340978899415e+19,go_to
Desire_5.565749945208498e+18_Eat,Internsion_1.7769865138547102e+19,go_to
Desire_4.488037793748661e+18_Other,Internsion_1.6117465389841734e+19,go_to
Desire_8.520625390845569e+18_Errands,Internsion_6.827980733138459e+18,go_to
Desire_6.163343338656957e+18_Shop,Internsion_1.8231185971225e+19,go_to
Desire_1.6933486859257398e+18_Eat,Internsion_8.677492661464381e+18,go_to
Desire_1.5023601248044118e+19_Eat,Internsion_7.086043119174793e+17,go_to
Desire_1.33722992022122e+19_Shop,Internsion_1.5911765668722725e+19,go_to
Desire_3.8428085007806674e+18_Eat,Internsion_3.1132543541515305e+18,go_to
Desire_1.1772352335578393e+19_Shop,Internsion_1.5940469323873026e+19,go_to
Desire_1.3523586836908532e+19_Shop,Internsion_3.0527705492264914e+18,go_to
Desire_8.567675578045272e+18_Eat,Internsion_1.1245842343205087e+19,go_to
Desire_1.248762816107871e+19_Shop,Internsion_9.76403617208538e+18,go_to
Desire_5.596320104556435e+18_Recreation,Internsion_1.7115592229682403e+19,go_to
Desire_4.818747467243461e+18_Errands,Internsion_8.145613615795389e+18,go_to
Desire_1.448883974985442e+19_Shop,Internsion_9.15286225978653e+18,go_to
Desire_1.4204399269050472e+19_Recreation,Internsion_1.1630854247896257e+19,go_to
Desire_8.95819533480321e+18_Shop,Internsion_2.9429162999167647e+18,go_to
Desire_4.739812374066022e+18_Shop,Internsion_6.223374708576738e+18,go_to
Desire_8.94779402688871e+17_Shop,Internsion_1.220567364493319e+19,go_to
Desire_4.137612123612241e+17_Shop,Internsion_1.2327666825432302e+19,go_to
Desire_1.2317990033993347e+19_School,Internsion_1.1241175932400372e+19,go_to
Desire_3.118983447455477e+18_Errands,Internsion_1.7207717573688371e+19,go_to
Desire_5.31857488595943e+18_Shop,Internsion_1.6002277695776276e+18,go_to
Desire_1.0635964091545572e+18_Eat,Internsion_1.6869278670006817e+19,go_to
Desire_2.6462830355353344e+18_Eat,Internsion_2.443522469913696e+18,go_to
Desire_3.8146688776558833e+18_Shop,Internsion_8.694511900117011e+18,go_to
Desire_6.676041494432431e+18_Errands,Internsion_1.341863293617851e+19,go_to
Desire_1.2494930301060911e+19_Errands,Internsion_6.606772470399836e+18,go_to
Desire_1.9912843588673508e+18_Shop,Internsion_1.7064059759329217e+19,go_to
Desire_3.8810368254693263e+18_Eat,Internsion_5.16352877957449e+18,go_to
Desire_4.884147773519157e+18_School,Internsion_3.71229297938904e+18,go_to
Desire_8.983016058718595e+17_Eat,Internsion_1.1451232696851634e+19,go_to
Desire_1.0104642398433042e+19_Errands,Internsion_1.059646745446096e+19,go_to
Desire_8.351274743943926e+18_Errands,Internsion_1.24327190424302e+19,go_to
Desire_1.0490396140504402e+19_Eat,Internsion_1.2875486410436395e+19,go_to
Desire_6.912507951350205e+18_Shop,Internsion_1.5656762662241374e+19,go_to
Desire_4.900904872511747e+18_Eat,Internsion_1.6143234165539934e+19,go_to
Desire_1.4303805547778468e+19_Recreation,Internsion_1.5842932407381463e+19,go_to
Desire_6.833375064066529e+17_Errands,Internsion_1.3264938098004367e+18,go_to
Desire_9.356141360419185e+18_Shop,Internsion_2.861613149166816e+18,go_to
Desire_5.422094164164394e+18_Recreation,Internsion_1.666191165477807e+19,go_to
Desire_6.060155033980933e+18_Other,Internsion_1.6856646233388829e+19,go_to
Desire_6.859476230217184e+18_Recreation,Internsion_1.3960325797720732e+19,go_to
Desire_1.5787842096437197e+19_Eat,Internsion_5.355950845263267e+18,go_to
Desire_1.8698523870402755e+17_Recreation,Internsion_6.115613197302407e+18,go_to
Desire_7.419328676306627e+18_Recreation,Internsion_1.1673637139611316e+19,go_to
Desire_1.697870300052807e+19_Shop,Internsion_1.736537774351991e+19,go_to
Desire_5.291557130779144e+18_Shop,Internsion_1.3540339172795798e+19,go_to
Desire_1.6764978478499934e+19_Errands,Internsion_7.896599635546336e+18,go_to
Desire_2.7086782356695465e+18_Errands,Internsion_3.814486186611923e+18,go_to
Desire_1.6567121137448958e+19_Eat,Internsion_1.350684873512094e+19,go_to
Desire_8.022474133916951e+18_Work,Internsion_2.477806966908087e+18,go_to
Desire_1.2423211144382026e+19_Shop,Internsion_1.4789876254142767e+19,go_to
Desire_1.3344401120771822e+18_Eat,Internsion_1.1406835826661714e+19,go_to
Desire_1.7954155086394935e+19_Errands,Internsion_4.942895615198143e+18,go_to
Desire_1.3148589928795378e+19_Shop,Internsion_1.813746307733248e+19,go_to
Desire_6.767387530939273e+18_Shop,Internsion_1.0073955829705196e+19,go_to
Desire_4.0194769573540895e+18_Recreation,Internsion_1.022667187128982e+18,go_to
Desire_1.286787466241945e+19_Eat,Internsion_5.457625892028111e+18,go_to
Desire_9.652954737449572e+18_Shop,Internsion_1.0769324207746288e+19,go_to
Desire_1.1824091665933158e+19_Shop,Internsion_3.042590175112756e+18,go_to
Desire_1.3771554061012556e+19_Recreation,Internsion_4.918949075631533e+18,go_to
Desire_1.6924173853992036e+19_Recreation,Internsion_3.0709638995626107e+18,go_to
Desire_1.0052749058013125e+19_Eat,Internsion_6.825203250071507e+18,go_to
Desire_1.1841713832218116e+19_Recreation,Internsion_1.410177195766487e+19,go_to
Desire_5.525568005822278e+17_Eat,Internsion_1.601933640773337e+19,go_to
Desire_9.087957017507794e+18_Eat,Internsion_1.0098476911343882e+19,go_to
Desire_1.6181096986912303e+19_Eat,Internsion_5.317362186922904e+18,go_to
Desire_6.498541865985819e+17_Eat,Internsion_3.875525272960208e+18,go_to
Desire_1.7419759447591293e+19_Errands,Internsion_9.66615279306399e+18,go_to
Desire_1.2636689962534398e+19_Shop,Internsion_4.284955384532524e+18,go_to
Desire_1.7218667640898849e+19_Eat,Internsion_8.073700160516679e+18,go_to
Desire_4.4976953413277466e+18_Errands,Internsion_2.9323120665747886e+18,go_to
Desire_3.53617446576412e+18_Eat,Internsion_1.0187001993169696e+18,go_to
Desire_1.474115911844703e+19_Errands,Internsion_1.3677610975474872e+19,go_to
Desire_1.5122669157706818e+19_Shop,Internsion_1.775453447960303e+18,go_to
Desire_1.1348035159866583e+19_Errands,Internsion_7.939474062723135e+18,go_to
Desire_4.573279118841254e+18_Shop,Internsion_9.361277682238003e+18,go_to
Desire_7.672617167231571e+18_Eat,Internsion_1.5265435846325848e+19,go_to
Desire_1.7962188820880409e+19_Shop,Internsion_1.2128835056559428e+19,go_to
Desire_1.2505250220302324e+19_Shop,Internsion_9.389181032914588e+18,go_to
Desire_1.0742915323315866e+19_Shop,Internsion_5.834438944660957e+18,go_to
Desire_8.312703196149066e+18_Eat,Internsion_2.699581989631082e+18,go_to
Desire_1.0942461786422272e+19_Errands,Internsion_2.0192763983502185e+18,go_to
Desire_1.3620169983072078e+19_Eat,Internsion_1.4226548637869769e+19,go_to
Desire_5.697592329312452e+18_Eat,Internsion_7.602604207038488e+18,go_to
Desire_1.7460639423559698e+19_Recreation,Internsion_9.511913292744335e+18,go_to
Desire_1.1394341804876749e+19_Shop,Internsion_1.7070282960943192e+19,go_to
Desire_7.366455316724905e+18_Eat,Internsion_1.7804282153400009e+19,go_to
Desire_1.2525686640374663e+19_Eat,Internsion_6.453490242016498e+18,go_to
Desire_1.272227469649335e+19_Shop,Internsion_9.848700777195016e+18,go_to
Desire_2.705518850700172e+18_Eat,Internsion_7.684583113847259e+18,go_to
Desire_7.156265789488704e+17_Eat,Internsion_1.1240117589773777e+19,go_to
Desire_1.579329232131819e+19_Recreation,Internsion_1.7728138394380556e+19,go_to
Desire_1.5148981072987372e+19_Shop,Internsion_5.882160326037983e+18,go_to
Desire_1.4737889322621346e+19_Eat,Internsion_6.29227295382679e+18,go_to
Desire_1.6528384159983385e+19_Eat,Internsion_4.262639279738135e+18,go_to
Desire_5.636772010137052e+18_Eat,Internsion_1.0111197798753548e+18,go_to
Desire_1.769880551206128e+18_Eat,Internsion_1.9967052393989133e+18,go_to
Desire_2.645340469392924e+18_School,Internsion_1.2112021687222874e+19,go_to
Desire_7.753786867605853e+18_Eat,Internsion_1.2204688687212552e+19,go_to
Desire_3.1681589990518026e+18_Recreation,Internsion_3.2286189217800346e+18,go_to
Desire_3.039041611939038e+18_Errands,Internsion_1.0200768820840382e+19,go_to
Desire_5.419185324697076e+18_Recreation,Internsion_1.4129823779926036e+19,go_to
Desire_1.8861610288216184e+18_Errands,Internsion_8.325970097503915e+18,go_to
Desire_1.4772913263173476e+19_Shop,Internsion_7.305805413015402e+18,go_to
Desire_1.1500263398120542e+19_Errands,Internsion_1.4947252063081992e+19,go_to
Desire_7.066108910254053e+18_School,Internsion_5.428173114133931e+18,go_to
Desire_1.4202838651297532e+19_Eat,Internsion_6.751449939413777e+18,go_to
Desire_1.2090249683937376e+19_Errands,Internsion_2.9252955675885107e+18,go_to
Desire_6.733971732241463e+17_Errands,Internsion_5.255835605870595e+18,go_to
Desire_7.159374315472626e+18_Errands,Internsion_1.461355714700621e+19,go_to
Desire_1.829588318550273e+19_Eat,Internsion_6.843253439439238e+18,go_to
Desire_2.917802597231933e+18_Errands,Internsion_5.617787920100296e+18,go_to
Desire_6.88435030270013e+18_Eat,Internsion_1.7943940214790158e+19,go_to
Desire_1.3747112262364312e+19_Eat,Internsion_2.21397231065076e+18,go_to
Desire_1.711284861963558e+18_Shop,Internsion_9.692545028061923e+18,go_to
Desire_1.7183494002108134e+18_Recreation,Internsion_6.033897181391357e+18,go_to
Desire_1.4332462776938512e+19_Errands,Internsion_1.524545945255505e+19,go_to
Desire_3.7886991003513846e+18_Errands,Internsion_1.553152307715424e+19,go_to
Desire_1.7255786907899554e+19_Eat,Internsion_1.0676245155856245e+19,go_to
Desire_4.279072023092091e+18_Errands,Internsion_1.5150308329901967e+19,go_to
Desire_1.1421157445421857e+19_Errands,Internsion_1.2077573616882889e+19,go_to
Desire_8.478783697642336e+18_Recreation,Internsion_6.669110881349063e+18,go_to
Desire_8.078971197748575e+18_Errands,Internsion_8.63103629084235e+18,go_to
Desire_2.842329781195383e+18_Recreation,Internsion_4.256178600033586e+18,go_to
Desire_7.260609657532628e+18_Eat,Internsion_1.5480513761013422e+19,go_to
Desire_5.044653700464876e+18_Errands,Internsion_1.2136116550595144e+19,go_to
Desire_8.025706636481448e+17_Errands,Internsion_9.591562598258586e+18,go_to
Desire_1.7088026771809006e+19_Shop,Internsion_1.0025659074006663e+19,go_to
Desire_1.0673673124241564e+19_Shop,Internsion_1.7038397978802625e+19,go_to
Desire_3.689093021761307e+17_Recreation,Internsion_1.8265621148405965e+19,go_to
Desire_9.414864784972851e+18_Eat,Internsion_1.640340903439954e+19,go_to
Desire_1.0575059484395936e+19_Shop,Internsion_1.6279324446003062e+18,go_to
Desire_1.126583125105497e+19_Eat,Internsion_1.479983728537706e+19,go_to
Desire_5.266385731999439e+18_Errands,Internsion_9.777916167279632e+18,go_to
Desire_1.3718621954248335e+19_Other,Internsion_9.510997300978954e+18,go_to
Desire_1.2078406980784222e+19_Eat,Internsion_1.3475328148940706e+19,go_to
Desire_3.67288472573614e+18_Eat,Internsion_6.22375660261428e+18,go_to
Desire_1.2315488034919018e+19_Other,Internsion_6.499642707875932e+18,go_to
Desire_1.4004781045837138e+19_Eat,Internsion_8.724753705484816e+18,go_to
Desire_5.520138678954282e+18_Shop,Internsion_1.2387522000458027e+19,go_to
Desire_2.838883036836003e+17_Recreation,Internsion_1.1117520805838705e+19,go_to
Desire_8.210688381505047e+18_Errands,Internsion_3.9821385516444616e+18,go_to
Desire_9.33587910306534e+18_Recreation,Internsion_2.366198873320899e+18,go_to
Desire_1.1488589216400597e+19_Shop,Internsion_1.0200235658731586e+19,go_to
Desire_5.609947626122887e+18_Errands,Internsion_1.0889980704295408e+19,go_to
Desire_1.7564098232899246e+19_Eat,Internsion_1.020447982535256e+19,go_to
Desire_1.5584338614876844e+19_Eat,Internsion_5.36355754583904e+18,go_to
Desire_3.3315012806826726e+18_Errands,Internsion_4.69444857026351e+18,go_to
Desire_1.292781635763531e+19_Recreation,Internsion_4.82998116239116e+18,go_to
Desire_2.9785436968818324e+18_Eat,Internsion_8.568390499606422e+18,go_to
Desire_1.073117595590873e+19_Shop,Internsion_1.8192084346393344e+18,go_to
Desire_1.7472151183093264e+19_Shop,Internsion_8.162281786412339e+18,go_to
Desire_7.638451815776909e+17_Eat,Internsion_1.6280818695131814e+17,go_to
Desire_1.1018542414364792e+18_Eat,Internsion_1.0721988882529049e+19,go_to
Desire_6.921904896018099e+18_Shop,Internsion_1.0076026000555588e+19,go_to
Desire_1.188075843297649e+19_Errands,Internsion_1.5456978577256163e+19,go_to
Desire_1.4531213227507436e+19_Eat,Internsion_1.5690538912767269e+19,go_to
Desire_5.951323230701112e+17_Recreation,Internsion_7.140773167061006e+18,go_to
Desire_9.28855320940994e+18_Recreation,Internsion_1.2482396881524945e+19,go_to
Desire_1.415712008797426e+19_Shop,Internsion_1.7641342322310535e+19,go_to
Desire_1.0783475636466729e+19_Eat,Internsion_1.7285268087144689e+18,go_to
Desire_1.6238351623513856e+18_Errands,Internsion_1.4473488418982806e+19,go_to
Desire_3.090494781558049e+18_Eat,Internsion_1.7923060652057289e+19,go_to
Desire_1.4544313987279151e+19_Other,Internsion_1.4782399592774554e+19,go_to
Desire_1.2125747362663885e+19_Shop,Internsion_1.6355982578710804e+19,go_to
Desire_1.3234974678411223e+18_Eat,Internsion_1.3615237206900238e+19,go_to
Desire_7.851847515427807e+18_Shop,Internsion_1.180631103847846e+19,go_to
Desire_9.459068689822204e+18_Other,Internsion_1.450308453405216e+19,go_to
Desire_9810611807960008.0_Shop,Internsion_1.6382296995398437e+19,go_to
Desire_9.915790015493386e+18_Eat,Internsion_1.061617148121042e+19,go_to
Desire_7.481117969782268e+18_Shop,Internsion_1.8136513912738788e+18,go_to
Desire_2.940758583932644e+18_Eat,Internsion_5.349307995946405e+18,go_to
Desire_6.400625964380445e+18_School,Internsion_6.000243750152056e+18,go_to
Desire_1.648958813889204e+19_Recreation,Internsion_8.315577143684879e+18,go_to
Desire_2.3769496845845243e+18_Shop,Internsion_1.780298438152158e+19,go_to
Desire_2.9898449582901627e+18_Eat,Internsion_1.2940693048211292e+18,go_to
Desire_3.447157776595288e+18_School,Internsion_7.366464880903585e+18,go_to
Desire_1.305679776427262e+19_Shop,Internsion_8.588633640739717e+18,go_to
Desire_1.5619034034915674e+18_Errands,Internsion_1.203545695826504e+19,go_to
Desire_1.5164097143086383e+19_Shop,Internsion_1.6253499853643424e+19,go_to
Desire_3.177022982536638e+18_Recreation,Internsion_6.678000773609337e+18,go_to
Desire_1.0663582020609638e+19_Shop,Internsion_1.2430008142721534e+19,go_to
Desire_1.0399335487699956e+19_Errands,Internsion_1.7348286385719788e+19,go_to
Desire_4.0759530384751017e+18_Recreation,Internsion_8.304910784172858e+17,go_to
Desire_7.394388755245313e+18_Recreation,Internsion_1.15010993254142e+19,go_to
Desire_6.822983154358053e+18_Other,Internsion_4.3809570236240937e+18,go_to
Desire_7.514211278708562e+18_Shop,Internsion_4.362174737638485e+18,go_to
Desire_2.926300258864893e+18_Shop,Internsion_1.1426822090433473e+19,go_to
Desire_4.301212237224179e+18_Eat,Internsion_1.7438692958327982e+19,go_to
Desire_1.434214377370617e+19_Other,Internsion_7.436345364625224e+18,go_to
Desire_5.214617946217078e+18_Shop,Internsion_2.575309348106791e+18,go_to
Desire_5.577875775693849e+16_Recreation,Internsion_1.204345893336144e+19,go_to
Desire_3.48528805569172e+18_Eat,Internsion_1.411103426444273e+19,go_to
Desire_4.725922539421113e+18_Recreation,Internsion_1.276425255417602e+19,go_to
Desire_1.1060455406540653e+19_Eat,Internsion_1.7473956998011986e+19,go_to
Desire_8.040279825005234e+18_Errands,Internsion_2.34313826257862e+18,go_to
Desire_6.480416912556957e+18_Eat,Internsion_1.614022175816021e+18,go_to
Desire_1.1959002156003338e+19_Shop,Internsion_1.2103234681318674e+19,go_to
Desire_4.790929807481037e+18_Shop,Internsion_3.778244228404901e+18,go_to
Desire_3.55129976844983e+18_Eat,Internsion_1.792520584667924e+19,go_to
Desire_1.7369794436249563e+19_Recreation,Internsion_1.527883389348477e+19,go_to
Desire_1.074294751836846e+19_Errands,Internsion_1.671479230980151e+19,go_to
Desire_2.8261385840521416e+18_Recreation,Internsion_2.0405214965585416e+18,go_to
Desire_4.436687389927804e+18_Eat,Internsion_9.897738819308335e+18,go_to
Desire_8.923277260593386e+18_Shop,Internsion_5.243475400757005e+18,go_to
Desire_1.0121502050891196e+19_Recreation,Internsion_1.051087056489524e+19,go_to
Desire_1.495572078157748e+19_Recreation,Internsion_5.438569079738025e+18,go_to
Desire_1.5906511383801756e+18_Other,Internsion_1.1871847744791925e+19,go_to
Desire_8.927067103566428e+18_Eat,Internsion_5.127438207171706e+18,go_to
Desire_1.0496294441771432e+19_Eat,Internsion_1.6439597892169691e+19,go_to
Desire_4.593681920063413e+18_Shop,Internsion_1.2886082212977142e+19,go_to
Desire_1.887020859285743e+18_Eat,Internsion_8.143939323039562e+18,go_to
Desire_7.578334047743596e+18_Shop,Internsion_1.400268806820022e+19,go_to
Desire_1.3105977255292076e+19_Shop,Internsion_1.0222488408381293e+19,go_to
Desire_1.972210874312728e+18_Eat,Internsion_8.709464422402273e+17,go_to
Desire_1.7641543916512412e+19_Errands,Internsion_6.330460365490056e+16,go_to
Desire_1.7592536701524134e+19_Recreation,Internsion_1.4618508687022066e+19,go_to
Desire_1.2852436987016942e+19_Work,Internsion_1.605734706946475e+19,go_to
Desire_4.78392193825491e+18_Errands,Internsion_1.3383641169009477e+18,go_to
Desire_5.702361253036915e+18_Recreation,Internsion_3.549624094562366e+18,go_to
Desire_3.4772694387070377e+18_Other,Internsion_6.237754195451174e+18,go_to
Desire_2.7281882177627965e+18_Shop,Internsion_1.286691856115594e+19,go_to
Desire_7.992975410805749e+18_Errands,Internsion_5.341004615304514e+18,go_to
Desire_6.72124512863944e+18_Recreation,Internsion_1.1330246693672948e+19,go_to
Desire_2.613530846017759e+18_Shop,Internsion_6.265445158684246e+18,go_to
Desire_6.277784574118831e+18_Eat,Internsion_8.460266256480222e+18,go_to
Desire_9.70859277941215e+18_Recreation,Internsion_1.3219973442278732e+19,go_to
Desire_4.3881181470957455e+18_Errands,Internsion_8.081815874990652e+18,go_to
Desire_8.300838802515197e+18_Shop,Internsion_5.553484198438458e+18,go_to
Desire_6.169503111361132e+18_Eat,Internsion_1.0843807565185784e+19,go_to
Desire_5.222877977095916e+18_Eat,Internsion_1.7155311267768697e+19,go_to
Desire_8.28124636530686e+18_Eat,Internsion_6.575853698593722e+18,go_to
Desire_1.404513066245654e+19_Eat,Internsion_5.022815050352481e+18,go_to
Desire_1.117886785552938e+19_Eat,Internsion_8.664146051984413e+17,go_to
Desire_1.1721554355767026e+19_Eat,Internsion_1.1881572988143251e+19,go_to
Desire_2.760421075200524e+18_Other,Internsion_9.45408295958648e+18,go_to
Desire_1.6149611978269483e+19_Eat,Internsion_8.578779416990224e+18,go_to
Desire_5.583534184061957e+18_Eat,Internsion_1.924218438394424e+18,go_to
Desire_1.3266689129062631e+19_Errands,Internsion_2.53597825325997e+18,go_to
Desire_1.8231448175580656e+19_Errands,Internsion_1.3779439663633398e+19,go_to
Desire_9.241051850460572e+18_Eat,Internsion_1.51610909993064e+18,go_to
Desire_1.8056702623296893e+19_Eat,Internsion_8.711613232154337e+18,go_to
Desire_8.726335385421652e+18_Shop,Internsion_8.486574494861116e+18,go_to
Desire_7.7068801192842e+18_Recreation,Internsion_8.797617150147512e+18,go_to
Desire_1.33186536988608e+19_Errands,Internsion_1.4469701017523278e+19,go_to
Desire_1.6791137899504452e+19_Shop,Internsion_1.3653579230871167e+19,go_to
Desire_1.1850034360179656e+18_Other,Internsion_1.3911920794277775e+19,go_to
Desire_1.2833042577098064e+19_Shop,Internsion_1.7730081608514484e+19,go_to
Desire_1.0127798680732471e+19_Eat,Internsion_5.526297974602081e+18,go_to
Desire_7.431990998636184e+18_Recreation,Internsion_1.1495362151913515e+19,go_to
Desire_1.7053634030666162e+19_School,Internsion_5.020850657522341e+18,go_to
Desire_1.3333943746242294e+19_Recreation,Internsion_1.7632470330524117e+19,go_to
Desire_5.139075800617286e+18_Eat,Internsion_1.7948357163620018e+19,go_to
Desire_4.291956479484388e+18_Eat,Internsion_1.0925418011817271e+19,go_to
Desire_1.152189039595333e+19_Recreation,Internsion_5.947876111539779e+17,go_to
Desire_1.099932190746119e+19_Other,Internsion_1.074738455629995e+19,go_to
Desire_1.6287709604108898e+19_Eat,Internsion_1.2948269510407991e+19,go_to
Desire_5.874083207555791e+18_Shop,Internsion_1.182195860511541e+18,go_to
Desire_1.698737764475722e+19_Eat,Internsion_9.230770562000464e+18,go_to
Desire_1.620255596180912e+19_Errands,Internsion_1.007828299718538e+19,go_to
Desire_1.826799760983292e+19_Eat,Internsion_8.675369798619657e+18,go_to
Desire_1.613317611101878e+19_Other,Internsion_5.882159698997034e+18,go_to
Desire_1.3755538799570209e+19_Shop,Internsion_7.703395539571767e+18,go_to
Desire_2.431895948261177e+18_Shop,Internsion_2.769165057385038e+18,go_to
Desire_1.2257205707996369e+19_Eat,Internsion_9.366068721369768e+18,go_to
Desire_1.0860347277795189e+19_School,Internsion_3.6058961300889626e+18,go_to
Desire_1.74247727007654e+19_Eat,Internsion_1.5041004890044758e+19,go_to
Desire_1.6620453152488133e+19_Recreation,Internsion_9.812433466922715e+18,go_to
Desire_2.5385346087937823e+18_School,Internsion_1.1974203343859675e+19,go_to
Desire_1.2307320087922332e+19_Eat,Internsion_1.7435398386103577e+19,go_to
Desire_1.0044657423056922e+18_School,Internsion_1.6572692207321004e+19,go_to
Desire_1.2890413122923284e+19_Shop,Internsion_7.889129827277392e+18,go_to
Desire_7.175127989760628e+18_Eat,Internsion_8.569895242018141e+18,go_to
Desire_3.103758829513568e+18_Recreation,Internsion_3.242788441287439e+18,go_to
Desire_3.295816154125889e+18_Errands,Internsion_9.39697516740625e+18,go_to
Desire_1.1618720242515042e+19_Shop,Internsion_1.8434363902479088e+19,go_to
Desire_1.760293719213329e+19_Eat,Internsion_3.612890359762431e+18,go_to
Desire_5.799316679072047e+18_Recreation,Internsion_1.1598014897824135e+19,go_to
Desire_1.5471881829226088e+19_Shop,Internsion_7.37731854789719e+18,go_to
Desire_1.7393669475201884e+19_Recreation,Internsion_1.3480459779679195e+19,go_to
Desire_9.334204246866518e+18_Shop,Internsion_1.553421877349654e+19,go_to
Desire_2.480880454654462e+18_Eat,Internsion_5.131430650693774e+18,go_to
Desire_1.523801310258793e+19_Shop,Internsion_9.57060316045751e+18,go_to
Desire_1.055061753098532e+19_Eat,Internsion_3.850192997548342e+18,go_to
Desire_1.2800421335214862e+19_Eat,Internsion_5.747379191144245e+18,go_to
Desire_1.5028578562580036e+19_Recreation,Internsion_5.263264631161727e+18,go_to
Desire_1.8258696582256951e+19_Eat,Internsion_1.4303620526875904e+19,go_to
Desire_1.2465337261093292e+19_Shop,Internsion_2.5638473927288474e+18,go_to
Desire_8.328619877845371e+18_Recreation,Internsion_1.2374093829631616e+18,go_to
Desire_1.5763710123849312e+19_Eat,Internsion_9.882886561135448e+18,go_to
Desire_7.260901147021687e+18_Recreation,Internsion_1.135144592875124e+19,go_to
Desire_1.0934328448887978e+19_Errands,Internsion_5.243303609088085e+18,go_to
Desire_1.5693312869075982e+19_Errands,Internsion_1.2534407742666463e+19,go_to
Desire_1.557522522750047e+19_Recreation,Internsion_1.5882416715011654e+19,go_to
Desire_8.51412615614507e+18_Errands,Internsion_1.7457319872917094e+19,go_to
Desire_1.8327224237190017e+19_Eat,Internsion_1.6308381761238057e+19,go_to
Desire_1.4045011685491038e+19_Eat,Internsion_1.7751786265569794e+19,go_to
Desire_6.726459069952924e+18_Eat,Internsion_3.788843799278774e+18,go_to
Desire_9.892054418727856e+18_Errands,Internsion_8.714225916398431e+18,go_to
Desire_1.2340468273737548e+19_Shop,Internsion_4.081883585989708e+18,go_to
Desire_8.374112365639308e+18_Shop,Internsion_1.432784276292037e+19,go_to
Desire_7.993767829409989e+17_Recreation,Internsion_7.346667022717755e+18,go_to
Desire_4.023543665822827e+18_Recreation,Internsion_1.6537077652987947e+19,go_to
Desire_1.5131497801485726e+19_Shop,Internsion_5.607299593025484e+18,go_to
Desire_1.7419522346394956e+19_Eat,Internsion_9.168865281038972e+17,go_to
Desire_9.172417998999478e+18_Eat,Internsion_1.549254707385222e+19,go_to
Desire_1.5070159857181064e+18_Errands,Internsion_5.182906661093077e+18,go_to
Desire_3.9340934272927e+18_Errands,Internsion_1.7254376912894691e+19,go_to
Desire_3.639220514098162e+18_Errands,Internsion_1.2771731458601527e+19,go_to
Desire_1.3105030994337788e+19_Recreation,Internsion_1.161106163347351e+19,go_to
Desire_1.6217104359926503e+19_Eat,Internsion_1.1122835551798297e+19,go_to
Desire_3.103582862831087e+18_Shop,Internsion_1.7229053011132207e+19,go_to
Desire_1.6122821562958316e+19_Eat,Internsion_1.2496620980595603e+19,go_to
Desire_3.115373568463149e+18_Recreation,Internsion_7.971095430211688e+18,go_to
Desire_1.3632868212100258e+19_Errands,Internsion_3.1987713395338926e+18,go_to
Desire_1.3370601610099036e+19_Recreation,Internsion_2.634271329364616e+18,go_to
Desire_6.692560300020546e+18_Recreation,Internsion_1.3550548129472512e+19,go_to
Desire_6.958421140529888e+18_Shop,Internsion_1.0291441694244952e+19,go_to
Desire_1.046148390112289e+19_Shop,Internsion_1.4987307846692694e+19,go_to
Desire_5.658908781779897e+18_Eat,Internsion_2.6308669502315808e+17,go_to
Desire_6.629979911249666e+18_Eat,Internsion_8.138110826835226e+18,go_to
Desire_7.064446435879382e+18_Eat,Internsion_5.073824875468824e+17,go_to
Desire_5.852713165254175e+18_Errands,Internsion_1.7238963978434826e+18,go_to
Desire_5.017835505007486e+18_Recreation,Internsion_1.4649541305795631e+19,go_to
Desire_6.503060117707674e+17_Shop,Internsion_2.7339838830824755e+18,go_to
Desire_1.5138825405901773e+19_Eat,Internsion_4.65218010298553e+18,go_to
Desire_1.2211133587597265e+19_Recreation,Internsion_7.749734303492403e+18,go_to
Desire_1.484605475336587e+18_Shop,Internsion_1.704197605942233e+19,go_to
Desire_3.9472356871599104e+18_Eat,Internsion_1.819358609362622e+19,go_to
Desire_7.139282882942648e+16_Recreation,Internsion_1.2781963466237133e+19,go_to
Desire_9.32724443068168e+18_Errands,Internsion_4.850938524988785e+18,go_to
Desire_1.0936987959264948e+19_Shop,Internsion_8.119312590656884e+18,go_to
Desire_1.4492104182340968e+19_Shop,Internsion_1.2487007577214958e+19,go_to
Desire_1.4819491100583762e+19_Errands,Internsion_1.385093575041838e+19,go_to
Desire_7.84570751275287e+18_Errands,Internsion_8.625224814974539e+18,go_to
Desire_4.075682028713848e+18_Shop,Internsion_2.1765712457974497e+18,go_to
Desire_7.329192296962389e+18_Shop,Internsion_4.0930018835423954e+18,go_to
